game,subject,session,n_trials,p_move_empirical,p_move_chance,p_hold,chance_hit_rate,chance_hit_rate_lo,chance_hit_rate_hi,chance_broad_acc,chance_broad_acc_lo,chance_broad_acc_hi,chance_liberal_acc,chance_liberal_acc_lo,chance_liberal_acc_hi,chance_frac_correct_side,chance_frac_correct_side_lo,chance_frac_correct_side_hi,chance_mean_dist_final,chance_mean_dist_final_lo,chance_mean_dist_final_hi,chance_mean_min_dist,chance_mean_min_dist_lo,chance_mean_min_dist_hi
csp,Subject_002,Session_002,100,0.976372039283651,0.976372039283651,0.02362796071634893,0.0,0.0,0.0,4e-06,0.0,1e-05,0.48417200000000005,0.48280555,0.48551030000000006,0.4692151842860162,0.4682469048243098,0.47019257889351895,355.01423600000004,354.9401586,355.0865105,335.23604399999994,335.1932775,335.2802232
csp,Subject_003,Session_002,100,0.9921137950170869,0.9921137950170869,0.007886204982913222,0.0,0.0,0.0,3.4e-05,1.8e-05,5e-05,0.48928,0.48774795,0.4907482000000001,0.47786253381264143,0.4769207364316081,0.478818025987997,354.96545599999996,354.8652313,355.0690054,327.08564399999995,327.02201800000006,327.1488146
csp,Subject_005,Session_002,100,0.9896774554508071,0.9896774554508071,0.010322544549192939,0.0,0.0,0.0,4e-05,2.2e-05,5.6000000000000006e-05,0.4880880000000001,0.48678564999999996,0.4895001,0.47653722298119994,0.47557262106694626,0.4774752288740857,355.067336,354.9666266,355.1681154,326.7081,326.6440545,326.7683083
csp,Subject_006,Session_002,100,0.9919596650600804,0.9919596650600804,0.008040334939919597,0.0,0.0,0.0,8e-05,5.6000000000000006e-05,0.000106,0.491962,0.4904498,0.49328204999999997,0.4811073773742954,0.4801611308566645,0.4820764629286337,354.85526,354.73169500000006,354.97324840000005,322.72720400000003,322.65385610000004,322.7994311
csp,Subject_006,Session_003,100,0.9877393580382973,0.9877393580382973,0.012260641961702713,0.0,0.0,0.0,1e-05,2e-06,2e-05,0.486608,0.48534585000000013,0.4879661,0.47450112625200724,0.4735256625312117,0.4754602092311303,354.984496,354.89503970000004,355.0753242,329.753012,329.6954187,329.8098057
graph_ml,Subject_002,Session_002,100,0.6099578419339345,0.6099578419339345,0.3900421580660654,0.0,0.0,0.0,0.0,0.0,0.0,0.48640200000000006,0.48494400000000004,0.4877716000000001,0.47178511802667,0.47082903875388843,0.47272457338192975,355.000504,354.9182433,355.0858998,332.47166,332.4219652,332.5232093
graph_ml,Subject_003,Session_002,100,0.9930559181329296,0.9930559181329296,0.006944081867070433,0.0,0.0,0.0,2.6000000000000002e-05,1.4000000000000001e-05,4e-05,0.48849400000000004,0.48717535,0.4897841499999999,0.47825491420719773,0.47732393610095614,0.479222059626477,355.050408,354.9416224000001,355.16108599999995,325.480776,325.4156825,325.54101160000005
graph_ml,Subject_003,Session_003,100,0.9516772572779666,0.9516772572779666,0.0483227427220334,0.0,0.0,0.0,4.6e-05,2.8000000000000003e-05,6.599999999999999e-05,0.488616,0.4873078,0.4900164,0.4776966074179841,0.47674980722744587,0.47862409964364194,354.966596,354.8514865,355.077653,325.37284,325.3096936,325.4368854
graph_ml,Subject_005,Session_002,100,0.964326592903472,0.964326592903472,0.03567340709652804,0.0,0.0,0.0,5.4000000000000005e-05,3.4e-05,7.6e-05,0.489188,0.4877818500000001,0.4906264,0.47908671234493067,0.47812758003024725,0.4800455266709677,355.01052400000003,354.90384320000004,355.12449780000003,324.57134,324.50334169999996,324.6405736
graph_ml,Subject_006,Session_002,100,0.990494682892687,0.990494682892687,0.009505317107312998,0.0,0.0,0.0,4.2000000000000004e-05,2.6000000000000002e-05,6.2e-05,0.48857800000000007,0.48716975000000007,0.4899759999999999,0.47904873420303595,0.47808160394928184,0.480077732633684,355.04905999999994,354.9375008,355.1625297,323.215348,323.15004049999993,323.2835362
graph_ml,Subject_006,Session_003,100,0.9833444529165078,0.9833444529165078,0.016655547083492185,0.0,0.0,0.0,6.8e-05,4.6e-05,9.2e-05,0.490012,0.4885918,0.49141614999999994,0.4789155312821964,0.4780158738106249,0.4799055392363099,354.956532,354.84743060000005,355.0655096,324.29134000000005,324.2253081,324.35868050000005
graph_neurofeedback,Subject_003,Session_001,20,0.9304763013858158,0.9304763013858158,0.06952369861418423,0.0,0.0,0.0,3.0000000000000004e-05,0.0,7e-05,0.49072000000000005,0.4877695000000001,0.4938302499999999,0.47858142776740586,0.47645370769946677,0.48058983091584084,354.91605999999996,354.6669775,355.1591555,324.69704,324.548173,324.85358199999996
graph_neurofeedback,Subject_003,Session_002,80,0.9808398273974367,0.9808398273974367,0.019160172602563277,0.0,0.0,0.0,3.0000000000000004e-05,1.4999999999999999e-05,5e-05,0.48936499999999994,0.48777693749999995,0.49098500000000006,0.47833218710151204,0.4772645226296852,0.4794913998504614,354.96224,354.83509525,355.08611062499995,325.57668499999994,325.500889375,325.650260375
graph_neurofeedback,Subject_009,Session_001,20,0.9290239172592114,0.9290239172592114,0.07097608274078862,0.0,0.0,0.0,4e-05,1e-05,8e-05,0.4861,0.4828172500000001,0.48925,0.4743292804595886,0.4719704090664551,0.47657803835759543,355.2395,355.0017205,355.46131499999996,326.76834,326.62473450000005,326.92197899999996
graph_neurofeedback,Subject_009,Session_002,20,0.9070961718020542,0.9070961718020542,0.09290382819794585,0.0,0.0,0.0,0.0,0.0,0.0,0.4881,0.48513,0.49138999999999994,0.47539784025956977,0.4732114955476935,0.4776998126188742,354.9816,354.76806899999997,355.2068405,329.31816,329.195935,329.44839950000005
neurofeedback,Subject_000,Session_001,29,0.9884861965196913,0.9884861965196913,0.01151380348030878,0.0,0.0,0.0,1.3793103448275862e-05,0.0,3.4482758620689657e-05,0.48537931034482756,0.48282706896551725,0.48806965517241374,0.47312816771285177,0.47130907605145045,0.4750274670437918,354.5841379310345,354.4093475862069,354.7484551724138,330.37980689655177,330.278231724138,330.4814937931035
neurofeedback,Subject_000,Session_002,80,0.9973878580435958,0.9973878580435958,0.0026121419564042515,0.0,0.0,0.0,1e-05,2.5e-06,2.0062499999999946e-05,0.48141749999999994,0.4797823124999999,0.48301012500000007,0.47269085823080875,0.47158237594618857,0.4737452601118754,355.15671999999995,355.041831625,355.26088350000003,330.121405,330.05588712499997,330.18742075
neurofeedback,Subject_000,Session_003,20,0.9886721208307112,0.9886721208307112,0.011327879169288861,0.0,0.0,0.0,0.0,0.0,0.0,0.4853200000000001,0.48228999999999994,0.4885705,0.47247095464344463,0.47032635403450873,0.4744825355032228,355.01608000000004,354.83688850000004,355.203082,331.97303999999997,331.8563245,332.0878515
neurofeedback,Subject_000,Session_004,40,0.9950784896054305,0.9950784896054305,0.004921510394569368,0.0,0.0,0.0,2e-05,5e-06,4e-05,0.486025,0.48378937499999997,0.48835,0.4757783802534132,0.47415868879011763,0.4774443339379038,355.09502000000003,354.9401775,355.25039875,329.24729,329.15573,329.33843525
neurofeedback,Subject_000,Session_005,200,0.9989684340829379,0.9989684340829379,0.0010315659170621002,0.0,0.0,0.0,1.9e-05,1e-05,2.8999999999999997e-05,0.48131499999999994,0.48036252499999993,0.4823071,0.4756954987423539,0.4750068100479537,0.47636185779200785,355.01937999999996,354.95566779999996,355.09096465,328.26761600000003,328.22725725,328.30635570000004
neurofeedback,Subject_000,Session_006,100,0.9985043467422803,0.9985043467422803,0.001495653257719752,0.0,0.0,0.0,2.2e-05,1e-05,3.6e-05,0.48313199999999995,0.48177485000000003,0.4844302499999999,0.4762036625913458,0.4752551533606177,0.47714861276207154,354.976856,354.87565700000005,355.0802058,328.07677600000005,328.01601700000003,328.13537790000004
neurofeedback,Subject_000,Session_007,5,0.7695707070707071,0.7695707070707071,0.23042929292929293,0.0,0.0,0.0,0.00012000000000000002,0.0,0.00028,0.48956000000000005,0.48351900000000003,0.49576600000000004,0.4750632509536115,0.47080664290054464,0.4792136793961497,351.84207999999995,351.44097999999997,352.22051,328.63384,328.403116,328.86120999999997
neurofeedback,Subject_001,Session_000,100,0.9913230264831407,0.9913230264831407,0.00867697351685933,0.0,0.0,0.0,3.4e-05,1.9999999999999998e-05,5.2000000000000004e-05,0.488108,0.48673395,0.48952044999999994,0.47693312820723005,0.47590499896650307,0.47791424431196966,355.034988,354.9278788,355.1355144,326.92497599999996,326.860954,326.9830253
neurofeedback,Subject_001,Session_001,200,0.9948923285888112,0.9948923285888112,0.005107671411188772,0.0,0.0,0.0,2.9000000000000004e-05,1.9e-05,4e-05,0.48750599999999994,0.486525025,0.48853807500000007,0.47696616982681916,0.4762965290326976,0.4776912894104404,355.039988,354.96406774999997,355.10909975,326.79105400000003,326.74716470000004,326.83763585
neurofeedback,Subject_0010,Session_001,200,0.9898322599693676,0.9898322599693676,0.010167740030632392,0.0,0.0,0.0,2e-05,1.2e-05,2.9000000000000004e-05,0.48690900000000004,0.4858997,0.48794799999999994,0.47402113593299117,0.4733631172459305,0.47468593034985107,354.95038200000005,354.88570195000005,355.01727600000004,330.58567,330.547674,330.62425735
neurofeedback,Subject_002,Session_000,100,0.9815635465647305,0.9815635465647305,0.018436453435269444,0.0,0.0,0.0,2.6000000000000002e-05,1.4000000000000001e-05,4e-05,0.48821400000000004,0.4866779,0.48951825,0.47507465892103484,0.47403589596789364,0.47606633441495616,354.94066799999996,354.8485247,355.03868789999996,329.505632,329.4484882,329.56324099999995
neurofeedback,Subject_002,Session_001,200,0.9911588350465002,0.9911588350465002,0.008841164953499755,0.0,0.0,0.0,3.3e-05,2.2000000000000003e-05,4.5e-05,0.487387,0.48641597499999994,0.488354025,0.4757391236772424,0.4750678349303861,0.4764256123727295,354.975214,354.90293385,355.04663785,328.04028800000003,327.9977503,328.0807388
neurofeedback,Subject_002,Session_002,100,0.9807462445485382,0.9807462445485382,0.0192537554514618,0.0,0.0,0.0,2.6000000000000002e-05,1.2e-05,4e-05,0.487918,0.486476,0.4893624,0.47541371349588507,0.4744605123968733,0.4762924622579314,354.952272,354.86114439999994,355.0473975,328.973404,328.91054990000003,329.02906989999997
neurofeedback,Subject_003,Session_000,100,0.9775007601094557,0.9775007601094557,0.02249923989054424,0.0,0.0,0.0,1.8e-05,8e-06,3.0000000000000004e-05,0.487022,0.485724,0.48830405000000005,0.47332533274625294,0.47234580001689785,0.47434944851054645,354.959032,354.86841730000003,355.0500484,331.021104,330.966098,331.0754478
neurofeedback,Subject_003,Session_001,200,0.9872781128135188,0.9872781128135188,0.01272188718648113,0.0,0.0,0.0,9e-06,4e-06,1.5000000000000002e-05,0.485687,0.48479397499999993,0.4866530250000001,0.472462137252255,0.4718117183266025,0.47316946377205116,355.005784,354.94520945000005,355.06636115,332.18067399999995,332.14378854999995,332.2175785
neurofeedback,Subject_003,Session_002,100,0.9859117955897795,0.9859117955897795,0.01408820441022051,0.0,0.0,0.0,4.4e-05,2.4e-05,6.200000000000002e-05,0.48755,0.4861339,0.48886025,0.47561489972216653,0.4746435985747388,0.47664319642997166,355.02132800000004,354.9222168,355.1296636,327.499324,327.4361439,327.5584796
neurofeedback,Subject_003,Session_003,100,0.9851833660772756,0.9851833660772756,0.014816633922724295,0.0,0.0,0.0,3.8e-05,2.2e-05,5.6000000000000006e-05,0.488824,0.48747995000000005,0.49017625,0.4781986101209204,0.4772471611910439,0.4791890604060839,354.98374,354.8852141,355.0828144,326.321968,326.26068460000005,326.38684610000007
neurofeedback,Subject_004,Session_000,100,0.9860614724803431,0.9860614724803431,0.013938527519656898,0.0,0.0,0.0,6.400000000000001e-05,4e-05,8.604999999999996e-05,0.488922,0.48754780000000003,0.49033025,0.4778435519725328,0.4768161099548571,0.4788411406216215,355.0734,354.9538958,355.1789657,325.326504,325.2597391,325.3951406
neurofeedback,Subject_004,Session_001,200,0.9921249750790351,0.9921249750790351,0.00787502492096494,0.0,0.0,0.0,3.7e-05,2.6975000000000025e-05,4.802499999999998e-05,0.488175,0.4871787249999999,0.48913532500000007,0.47671297554020337,0.4759699716741384,0.47743876212650366,354.98127,354.90446034999997,355.05481764999996,327.04655,327.00408075,327.090909
neurofeedback,Subject_005,Session_001,200,0.9895988681121182,0.9895988681121182,0.010401131887881917,0.0,0.0,0.0,1.2e-05,6e-06,1.9e-05,0.48618,0.4852366000000001,0.4871290250000001,0.473057973732909,0.47234372692051885,0.4737159602922188,354.98978999999997,354.92652074999995,355.0544273,331.040636,331.00509565000004,331.07863629999997
neurofeedback,Subject_005,Session_002,100,0.9841461451794624,0.9841461451794624,0.015853854820537583,0.0,0.0,0.0,7.2e-05,4.8e-05,9.6e-05,0.48855200000000004,0.48723,0.4899625000000001,0.47761144972088115,0.47666641057027165,0.4785612884922882,354.972596,354.8690277,355.07999939999996,326.09801600000003,326.03535669999997,326.1593166
neurofeedback,Subject_006,Session_001,200,0.9925927935749945,0.9925927935749945,0.007407206425005426,0.0,0.0,0.0,3.2e-05,2.0975000000000022e-05,4.4024999999999986e-05,0.488001,0.48690085000000005,0.48905002499999994,0.4774193555611055,0.4767432663620546,0.47807799714207444,355.01597999999996,354.94657045,355.09058235,326.332586,326.29160465,326.37485245
neurofeedback,Subject_006,Session_002,100,0.98501142252187,0.98501142252187,0.014988577478130049,0.0,0.0,0.0,3.6e-05,1.9950000000000048e-05,5.4000000000000005e-05,0.489466,0.4880619,0.4908342,0.47732664433348326,0.47630356306255256,0.47833667905113375,354.91242800000003,354.8107702,355.0131768,326.815604,326.75202199999995,326.8779558
neurofeedback,Subject_006,Session_003,100,0.9854855603770762,0.9854855603770762,0.014514439622923836,0.0,0.0,0.0,3.8e-05,2.1950000000000046e-05,5.6000000000000006e-05,0.48761400000000005,0.48623775,0.4890083,0.4752170378216224,0.4742217432378811,0.47621849365158,355.03514,354.9286309,355.1400704,327.92484799999994,327.86621240000005,327.9868522
neurofeedback,Subject_007,Session_001,200,0.9926969577457126,0.9926969577457126,0.007303042254287307,0.0,0.0,0.0,4.500000000000001e-05,3.197500000000002e-05,5.800000000000001e-05,0.487708,0.48669565000000004,0.48867712500000005,0.47700590844839735,0.47628266603175523,0.47762411744060823,355.00956399999995,354.93943295,355.08080079999996,326.325948,326.28238504999996,326.37171685000004
neurofeedback,Subject_008,Session_001,200,0.9909972613517726,0.9909972613517726,0.009002738648227444,0.0,0.0,0.0,2.9999999999999997e-05,2e-05,4.1e-05,0.48811000000000004,0.487103175,0.489037275,0.475905540924468,0.47517549274676524,0.47661795525740963,354.988874,354.91250784999994,355.0561359,327.904646,327.8619059,327.94386635
neurofeedback,Subject_009,Session_001,100,0.9863908687119098,0.9863908687119098,0.013609131288090073,0.0,0.0,0.0,4.8e-05,2.9999999999999997e-05,6.604999999999998e-05,0.48956000000000005,0.48819379999999996,0.4908880499999999,0.477669982584647,0.4767616934995967,0.4786033905068558,354.999796,354.8952574,355.10888959999994,325.553748,325.4885767,325.61629899999997
